DateTime,Date,Year,Month,Day,DayOfWeek,Quarter,Open,High,Low,Close,Volume,Price_Change,Price_Change_Percent,MA_7,MA_30,MA_90,MA_365,Volatility_30d,Source
2025-01-02 00:00:00-05:00,2025-01-02,2025,1,2,Thursday,1,2633.0,2663.10009765625,2633.0,2658.89990234375,1728,29.699951171875,1.1296193413755873,2626.0714285714284,2645.513330078125,2633.6311089409724,2256.243556359696,1.1168309909284957,Yahoo Finance
2025-01-03 00:00:00-05:00,2025-01-03,2025,1,3,Friday,1,2658.699951171875,2658.699951171875,2641.800048828125,2645.0,591,-13.89990234375,-0.5227689215189235,2630.742850167411,2646.1099934895838,2635.0455539279515,2258.1194466368797,1.1165928521822337,Yahoo Finance
2025-01-06 00:00:00-05:00,2025-01-06,2025,1,6,Monday,1,2645.5,2647.0,2617.300048828125,2638.39990234375,960,-6.60009765625,-0.2495311023156921,2633.371407645089,2645.7833251953125,2636.405552842882,2259.9723231485445,1.1079230714804098,Yahoo Finance
2025-01-07 00:00:00-05:00,2025-01-07,2025,1,7,Tuesday,1,2653.39990234375,2657.5,2653.0,2656.699951171875,643,18.300048828125,0.6936040594857751,2635.928536551339,2645.269986979167,2638.135552300347,2261.856706509525,1.1026576500493417,Yahoo Finance
2025-01-08 00:00:00-05:00,2025-01-08,2025,1,8,Wednesday,1,2655.5,2676.89990234375,2653.5,2664.5,999,7.800048828125,0.2935991633034929,2642.6856863839284,2643.756656901042,2639.677775065104,2263.8268434289384,1.0711424145450552,Yahoo Finance
2025-01-09 00:00:00-05:00,2025-01-09,2025,1,9,Thursday,1,2669.699951171875,2686.300048828125,2667.89990234375,2683.800048828125,1139,19.300048828125,0.7243403575952323,2653.7856794084823,2645.989990234375,2641.788886176216,2265.808761304045,0.8678114843710536,Yahoo Finance
2025-01-10 00:00:00-05:00,2025-01-10,2025,1,10,Friday,1,2686.10009765625,2720.10009765625,2683.699951171875,2708.5,403,24.699951171875,0.9203349997202626,2665.1142578125,2648.9299886067706,2644.217776150173,2267.8306791122645,0.8810249836379144,Yahoo Finance
2025-01-13 00:00:00-05:00,2025-01-13,2025,1,13,Monday,1,2711.10009765625,2711.199951171875,2673.5,2673.5,765,-35.0,-1.2922281705741168,2667.199986049108,2650.0499918619794,2646.218888346354,2269.838350478917,0.9087205413767584,Yahoo Finance
2025-01-14 00:00:00-05:00,2025-01-14,2025,1,14,Tuesday,1,2673.60009765625,2688.300048828125,2670.800048828125,2677.5,794,4.0,0.1496166074434368,2671.842843191964,2650.7333251953123,2648.064444986979,2271.8660216449057,0.9018742303569712,Yahoo Finance
2025-01-15 00:00:00-05:00,2025-01-15,2025,1,15,Wednesday,1,2690.800048828125,2712.5,2690.800048828125,2712.5,930,35.0,1.3071895424836557,2682.428571428572,2653.319995117188,2650.4977783203126,2274.004377809289,0.9158731063925496,Yahoo Finance
2025-01-16 00:00:00-05:00,2025-01-16,2025,1,16,Thursday,1,2731.699951171875,2749.800048828125,2731.699951171875,2746.39990234375,1721,33.89990234375,1.2497659850230436,2695.242850167411,2656.709993489583,2653.215554470486,2276.21478856753,0.9385738264071362,Yahoo Finance
2025-01-17 00:00:00-05:00,2025-01-17,2025,1,17,Friday,1,2736.0,2751.60009765625,2725.5,2744.300048828125,1214,-2.099853515625,-0.0764584033750126,2706.6428571428573,2659.72666015625,2655.793332248264,2278.436158564319,0.9384084205714188,Yahoo Finance
2025-01-21 00:00:00-05:00,2025-01-21,2025,1,21,Tuesday,1,2746.0,2755.0,2724.800048828125,2755.0,1439,10.699951171875,0.3898972773201059,2716.814278738839,2664.006656901042,2658.492220052083,2280.7125969873714,0.9143295227897484,Yahoo Finance
2025-01-22 00:00:00-05:00,2025-01-22,2025,1,22,Wednesday,1,2754.5,2768.800048828125,2753.5,2767.60009765625,2079,12.60009765625,0.4573538169237778,2725.257149832589,2668.3066569010416,2660.896666124132,2283.047391708583,0.9143349466888082,Yahoo Finance
2025-01-23 00:00:00-05:00,2025-01-23,2025,1,23,Thursday,1,2760.0,2765.0,2745.39990234375,2763.10009765625,2201,-4.5,-0.1625957450937631,2738.0571637834823,2671.5799967447915,2662.9166666666665,2285.3725973886985,0.9023148432817832,Yahoo Finance
2025-01-24 00:00:00-05:00,2025-01-24,2025,1,24,Friday,1,2759.800048828125,2792.0,2759.800048828125,2777.300048828125,1593,14.199951171875,0.5139137443453512,2752.314313616072,2674.2366617838543,2665.1044460720486,2287.7408166336686,0.8814214808060085,Yahoo Finance
2025-01-27 00:00:00-05:00,2025-01-27,2025,1,27,Monday,1,2761.10009765625,2762.199951171875,2737.5,2737.5,984,-39.800048828125,-1.4330482169155112,2755.8857421875,2674.3599934895838,2667.0288899739585,2290.0062961526114,0.8922300216927177,Yahoo Finance
2025-01-28 00:00:00-05:00,2025-01-28,2025,1,28,Tuesday,1,2738.0,2766.800048828125,2738.0,2766.800048828125,2307,29.300048828125,1.0703214183789944,2758.800048828125,2677.0033284505207,2669.2077799479166,2292.3742414918665,0.8522290683847404,Yahoo Finance
2025-01-29 00:00:00-05:00,2025-01-29,2025,1,29,Wednesday,1,2769.10009765625,2769.10009765625,2769.10009765625,2769.10009765625,125692,2.300048828125,0.0831302872464245,2762.3429129464284,2680.773331705729,2671.220003255208,2294.7660226482235,0.8177100024203703,Yahoo Finance
2025-01-30 00:00:00-05:00,2025-01-30,2025,1,30,Thursday,1,2772.5,2829.5,2770.0,2823.0,40141,53.89990234375,1.9464772107505413,2772.057198660714,2686.4933349609373,2673.4766710069443,2297.3383514822344,0.8788009035106216,Yahoo Finance
2025-01-31 00:00:00-05:00,2025-01-31,2025,1,31,Friday,1,2829.0,2838.0,2804.0,2812.5,3443,-10.5,-0.3719447396386854,2778.471470424108,2692.096671549479,2675.543337673611,2299.8764337409034,0.8810391590999475,Yahoo Finance
2025-02-03 00:00:00-05:00,2025-02-03,2025,2,3,Monday,1,2818.199951171875,2848.39990234375,2780.89990234375,2833.89990234375,2649,21.39990234375,0.7608854166666568,2788.585728236608,2698.6766682942707,2677.573337131076,2302.453419640946,0.8812057969138736,Yahoo Finance
2025-02-04 00:00:00-05:00,2025-02-04,2025,2,4,Tuesday,1,2827.60009765625,2853.300048828125,2816.10009765625,2853.300048828125,2187,19.400146484375,0.6845741611526401,2799.44287109375,2707.3800048828125,2679.7300048828124,2305.07506354345,0.8055994313087603,Yahoo Finance
2025-02-05 00:00:00-05:00,2025-02-05,2025,2,5,Wednesday,1,2850.0,2880.5,2848.0,2871.60009765625,4519,18.300048828125,0.6413643330515084,2818.600027901786,2715.476676432292,2681.9711181640623,2307.686296687714,0.7818178999349005,Yahoo Finance
2025-02-06 00:00:00-05:00,2025-02-06,2025,2,6,Thursday,1,2865.199951171875,2871.699951171875,2836.300048828125,2856.0,3116,-15.60009765625,-0.5432545314712378,2831.342878069197,2723.6000081380207,2684.32333984375,2310.255611889983,0.7786719896343934,Yahoo Finance
2025-02-07 00:00:00-05:00,2025-02-07,2025,2,7,Friday,1,2859.89990234375,2889.5,2857.800048828125,2867.300048828125,1822,11.300048828125,0.3956599729735721,2845.3714425223216,2731.8433430989585,2686.892228190104,2312.875338118044,0.778863455092572,Yahoo Finance
2025-02-10 00:00:00-05:00,2025-02-10,2025,2,10,Monday,1,2864.199951171875,2916.10009765625,2863.800048828125,2914.300048828125,2237,47.0,1.6391727129920983,2858.414306640625,2741.026676432292,2689.6366726345486,2315.6052011986303,0.8131568160261301,Yahoo Finance
2025-02-11 00:00:00-05:00,2025-02-11,2025,2,11,Tuesday,1,2925.5,2945.39990234375,2890.0,2912.5,2554,-1.800048828125,-0.0617660775474648,2872.700020926339,2750.870011393229,2692.585560438368,2318.27917380137,0.7874774606255719,Yahoo Finance
2025-02-12 00:00:00-05:00,2025-02-12,2025,2,12,Wednesday,1,2902.0,2912.300048828125,2868.60009765625,2909.0,2504,-3.5,-0.1201716738197467,2883.4286063058034,2760.9666748046875,2695.384448242188,2320.9221873662245,0.7789508052488261,Yahoo Finance
2025-02-13 00:00:00-05:00,2025-02-13,2025,2,13,Thursday,1,2911.300048828125,2937.699951171875,2910.60009765625,2925.89990234375,4670,16.89990234375,0.5809522978257098,2893.8000139508927,2770.8566731770834,2698.4966688368054,2323.628214629709,0.7739505265221147,Yahoo Finance
2025-02-14 00:00:00-05:00,2025-02-14,2025,2,14,Friday,1,2937.300048828125,2944.39990234375,2874.800048828125,2883.60009765625,1992,-42.2998046875,-1.445702385567471,2895.5142996651784,2778.3466796875,2701.150002712673,2326.213968188142,0.826663666735654,Yahoo Finance
2025-02-18 00:00:00-05:00,2025-02-18,2025,2,18,Tuesday,1,2879.199951171875,2936.39990234375,2873.800048828125,2931.60009765625,4010,48.0,1.664585877875835,2906.314313616072,2787.9000162760417,2704.6677815755206,2328.9684891374145,0.8500877186359505,Yahoo Finance
2025-02-19 00:00:00-05:00,2025-02-19,2025,2,19,Wednesday,1,2938.699951171875,2946.0,2917.10009765625,2919.39990234375,2630,-12.2001953125,-0.4161616491367259,2913.757149832589,2797.2666829427085,2708.150002712673,2331.711776607984,0.8546518952232192,Yahoo Finance
2025-02-20 00:00:00-05:00,2025-02-20,2025,2,20,Thursday,1,2949.10009765625,2955.800048828125,2924.199951171875,2940.0,656,20.60009765625,0.7056278120620485,2917.428571428572,2806.7100179036456,2711.698890516493,2334.513146470997,0.854825536756546,Yahoo Finance
2025-02-21 00:00:00-05:00,2025-02-21,2025,2,21,Friday,1,2938.800048828125,2940.0,2917.300048828125,2937.60009765625,570,-2.39990234375,-0.0816293314200633,2921.0142996651784,2815.8133544921875,2714.8100016276044,2337.3054754387845,0.858293935690247,Yahoo Finance
2025-02-24 00:00:00-05:00,2025-02-24,2025,2,24,Monday,1,2933.10009765625,2957.89990234375,2933.10009765625,2947.89990234375,415,10.2998046875,0.3506197012900891,2926.5714285714284,2824.6166829427084,2718.1444444444446,2340.1125983251286,0.8550692241767459,Yahoo Finance
2025-02-25 00:00:00-05:00,2025-02-25,2025,2,25,Tuesday,1,2938.699951171875,2943.199951171875,2890.0,2904.5,1854,-43.39990234375,-1.4722312080286182,2923.5142996651784,2831.1500162760417,2720.845556640625,2342.8336940817635,0.9068535909663572,Yahoo Finance
2025-02-26 00:00:00-05:00,2025-02-26,2025,2,26,Wednesday,1,2913.5,2917.0,2913.0,2916.800048828125,2050,12.300048828125,0.4234824867662246,2928.257149832589,2839.260017903646,2723.543334960937,2345.5945162002354,0.8599676522867096,Yahoo Finance
2025-02-27 00:00:00-05:00,2025-02-27,2025,2,27,Thursday,1,2918.5,2922.800048828125,2870.39990234375,2883.199951171875,3215,-33.60009765625,-1.1519506683274172,2921.342843191964,2846.1166829427084,2725.678889973958,2348.2608174363227,0.8994457943398242,Yahoo Finance
2025-02-28 00:00:00-05:00,2025-02-28,2025,2,28,Friday,1,2877.10009765625,2877.10009765625,2834.10009765625,2836.800048828125,990,-46.39990234375,-1.6093196146486743,2909.5428641183034,2850.260017903646,2727.0466688368056,2350.7624615394907,0.9381276398015134,Yahoo Finance
2025-03-03 00:00:00-05:00,2025-03-03,2025,3,3,Monday,1,2872.699951171875,2891.800048828125,2863.39990234375,2890.199951171875,423,53.39990234375,1.8823992323959928,2902.428571428572,2855.0533528645838,2728.903333875868,2353.389036748181,0.9701776756120776,Yahoo Finance
2025-03-04 00:00:00-05:00,2025-03-04,2025,3,4,Tuesday,1,2886.10009765625,2927.89990234375,2886.10009765625,2909.60009765625,885,19.400146484375,0.6712389043017186,2898.428571428572,2860.5633544921875,2730.74111328125,2356.067393180116,0.9730998027305638,Yahoo Finance
2025-03-05 00:00:00-05:00,2025-03-05,2025,3,5,Wednesday,1,2916.699951171875,2922.0,2893.0,2915.300048828125,551,5.699951171875,0.1959015321887802,2893.771449497768,2865.906689453125,2732.9733371310763,2358.724105709546,0.97243685893119,Yahoo Finance
2025-03-06 00:00:00-05:00,2025-03-06,2025,3,6,Thursday,1,2904.0,2918.60009765625,2903.800048828125,2916.60009765625,870,1.300048828125,0.0445939974050846,2895.5000348772323,2870.873356119792,2734.992228190104,2361.456708850599,0.971491019864452,Yahoo Finance
2025-03-07 00:00:00-05:00,2025-03-07,2025,3,7,Friday,1,2900.89990234375,2927.300048828125,2900.5,2904.699951171875,531,-11.900146484375,-0.4080143347021669,2893.771449497768,2875.5933512369797,2736.8122287326387,2364.139722348566,0.9754961110325578,Yahoo Finance
2025-03-10 00:00:00-04:00,2025-03-10,2025,3,10,Monday,1,2910.10009765625,2915.10009765625,2880.199951171875,2891.0,55,-13.699951171875,-0.4716477227311499,2894.8857421875,2879.383349609375,2738.457785373264,2366.809311456549,0.9801451956197929,Yahoo Finance
2025-03-11 00:00:00-04:00,2025-03-11,2025,3,11,Tuesday,1,2884.39990234375,2916.699951171875,2880.39990234375,2912.89990234375,197,21.89990234375,0.7575199703822255,2905.757149832589,2885.230013020833,2740.06334092882,2369.5832837248504,0.9397990856985388,Yahoo Finance
2025-03-12 00:00:00-04:00,2025-03-12,2025,3,12,Wednesday,1,2912.0,2939.10009765625,2910.0,2939.10009765625,213,26.2001953125,0.8994540214519287,2912.7428850446427,2890.973347981771,2741.7366753472224,2372.507941593536,0.9349198264747786,Yahoo Finance
2025-03-13 00:00:00-04:00,2025-03-13,2025,3,13,Thursday,1,2937.10009765625,2988.0,2935.199951171875,2984.300048828125,2366,45.199951171875,1.5378840349098422,2923.414306640625,2898.1466796875,2744.470008680556,2375.5871197426154,0.965563060932738,Yahoo Finance
2025-03-14 00:00:00-04:00,2025-03-14,2025,3,14,Friday,1,2994.39990234375,3004.800048828125,2986.0,2994.5,1800,10.199951171875,0.3417870524071498,2934.728585379464,2903.863346354167,2747.31334092882,2378.727941727312,0.9115232006900866,Yahoo Finance
2025-03-17 00:00:00-04:00,2025-03-17,2025,3,17,Monday,1,2991.0,3001.5,2989.0,3000.0,214,5.5,0.183670061779928,2946.6428571428573,2910.113346354167,2750.245562065972,2381.933421179366,0.9051068102991522,Yahoo Finance
2025-03-18 00:00:00-04:00,2025-03-18,2025,3,18,Tuesday,1,3006.39990234375,3039.199951171875,3004.39990234375,3035.10009765625,428,35.10009765625,1.1700032552083297,2965.271449497768,2916.82001953125,2753.5211181640625,2385.24985986997,0.9165576560720198,Yahoo Finance
2025-03-19 00:00:00-04:00,2025-03-19,2025,3,19,Wednesday,1,3035.199951171875,3050.89990234375,3030.89990234375,3035.89990234375,175,0.7998046875,0.0263518388773364,2985.971435546875,2922.9066813151044,2757.6133382161456,2388.5852020681723,0.9132462549045274,Yahoo Finance
2025-03-20 00:00:00-04:00,2025-03-20,2025,3,20,Thursday,1,3047.300048828125,3047.300048828125,3034.39990234375,3040.0,185,4.10009765625,0.1350537826719788,3004.128592354911,2928.520011393229,2761.408894856771,2391.9369829569778,0.9096904829895464,Yahoo Finance
2025-03-21 00:00:00-04:00,2025-03-21,2025,3,21,Friday,1,3034.5,3037.5,3000.89990234375,3018.199951171875,151,-21.800048828125,-0.7171068693462179,3015.428571428572,2933.9266764322915,2765.0833387586804,2395.1917774775256,0.9150876742195486,Yahoo Finance
2025-03-24 00:00:00-04:00,2025-03-24,2025,3,24,Monday,1,3024.300048828125,3024.300048828125,3006.0,3013.10009765625,137,-5.099853515625,-0.1689700350583134,3019.5428641183034,2938.786678059896,2769.5488959418403,2398.3797229505567,0.916482071389324,Yahoo Finance
2025-03-25 00:00:00-04:00,2025-03-25,2025,3,25,Tuesday,1,3026.39990234375,3028.800048828125,3023.699951171875,3023.699951171875,74,10.599853515625,0.3517922794489925,3023.714285714286,2942.433341471354,2774.2566731770835,2401.5652022688355,0.8744721301662576,Yahoo Finance
2025-03-26 00:00:00-04:00,2025-03-26,2025,3,26,Wednesday,1,3033.199951171875,3033.199951171875,3019.5,3020.89990234375,83,-2.800048828125,-0.0926033956193284,3026.699986049108,2946.046671549479,2779.1466715494794,2404.7106813195637,0.8747192819662634,Yahoo Finance
2025-03-27 00:00:00-04:00,2025-03-27,2025,3,27,Thursday,1,3025.5,3065.0,3025.5,3060.199951171875,124359,39.300048828125,1.3009384653107636,3030.2856794084823,2951.086669921875,2784.6133382161456,2407.97342077804,0.8990921692969229,Yahoo Finance
2025-03-28 00:00:00-04:00,2025-03-28,2025,3,28,Friday,1,3069.699951171875,3094.89990234375,3066.800048828125,3086.5,31206,26.300048828125,0.8594225621777918,3037.5142647879466,2956.440006510417,2790.4000054253474,2411.149037149508,0.9048686059158848,Yahoo Finance
2025-03-31 00:00:00-04:00,2025-03-31,2025,3,31,Monday,1,3091.0,3132.5,3086.0,3122.800048828125,3438,36.300048828125,1.1760910036651584,3049.342843191964,2964.413338216146,2796.091115993924,2414.4413661172944,0.8680791738803197,Yahoo Finance
2025-04-01 00:00:00-04:00,2025-04-01,2025,4,1,Tuesday,2,3129.699951171875,3149.5,3104.0,3118.89990234375,1721,-3.900146484375,-0.124892609945959,3063.7285505022323,2970.6566650390623,2801.555558268229,2417.7186262574915,0.8295464743233631,Yahoo Finance
2025-04-02 00:00:00-04:00,2025-04-02,2025,4,2,Wednesday,2,3120.699951171875,3168.60009765625,3117.39990234375,3139.89990234375,5946,21.0,0.6733143306144385,3081.8428083147323,2978.0066650390627,2807.018891059028,2420.964105308219,0.8250253965693908,Yahoo Finance
2025-04-03 00:00:00-04:00,2025-04-03,2025,4,3,Thursday,2,3150.0,3166.89990234375,3052.0,3097.0,5516,-42.89990234375,-1.3662824828182485,3092.314243861608,2983.239998372396,2811.7400010850693,2424.056160035852,0.8707043603951362,Yahoo Finance
2025-04-04 00:00:00-04:00,2025-04-04,2025,4,4,Friday,2,3110.5,3127.699951171875,3011.0,3012.0,3247,-85.0,-2.744591540200192,3091.042829241072,2985.7199951171874,2815.0966688368057,2426.8767079810573,1.0208060568449329,Yahoo Finance
2025-04-07 00:00:00-04:00,2025-04-07,2025,4,7,Monday,2,3016.39990234375,3050.800048828125,2949.699951171875,2951.300048828125,4424,-60.699951171875,-2.0152706232362205,3075.4857003348216,2985.833333333333,2818.8133355034724,2429.54794085777,1.08896812588139,Yahoo Finance
2025-04-08 00:00:00-04:00,2025-04-08,2025,4,8,Tuesday,2,2994.0,3014.5,2968.39990234375,2968.39990234375,3213,17.099853515625,0.579400712659317,3058.6142578125,2987.963330078125,2822.681111653646,2432.269584425834,1.056641328997985,Yahoo Finance
2025-04-09 00:00:00-04:00,2025-04-09,2025,4,9,Wednesday,2,2965.800048828125,3090.39990234375,2965.800048828125,3056.5,2175,88.10009765625,2.9679322380616213,3049.142822265625,2992.6199951171875,2827.3100016276044,2435.2076666845032,1.1802226293083518,Yahoo Finance
2025-04-10 00:00:00-04:00,2025-04-10,2025,4,10,Thursday,2,3073.89990234375,3167.0,3072.10009765625,3155.199951171875,3456,98.699951171875,3.22918210933667,3054.328543526786,3001.686661783854,2832.845556640625,2438.4076666845035,1.2788616741637162,Yahoo Finance
2025-04-11 00:00:00-04:00,2025-04-11,2025,4,11,Friday,2,3182.10009765625,3235.0,3182.10009765625,3222.199951171875,862,67.0,2.123478734687345,3066.085693359375,3014.5333251953125,2839.371112738715,2441.787392645013,1.2673382130975022,Yahoo Finance
2025-04-14 00:00:00-04:00,2025-04-14,2025,4,14,Monday,2,3215.5,3228.800048828125,3194.5,3204.800048828125,263,-17.39990234375,-0.5400007016144959,3081.4857003348216,3025.019995117188,2845.594447157118,2445.0986257892764,1.24886026155612,Yahoo Finance
2025-04-15 00:00:00-04:00,2025-04-15,2025,4,15,Tuesday,2,3216.0,3218.699951171875,3214.0,3218.699951171875,390,13.89990234375,0.4337213595847489,3111.0142647879466,3035.3233235677085,2851.871112738715,2448.478077844071,1.247522213923257,Yahoo Finance
2025-04-16 00:00:00-04:00,2025-04-16,2025,4,16,Wednesday,2,3238.300048828125,3334.89990234375,3238.300048828125,3326.60009765625,1874,107.900146484375,3.352289685936416,3164.6285574776784,3049.0333251953125,2859.648890516493,2452.170680717573,1.3623636649131612,Yahoo Finance
2025-04-17 00:00:00-04:00,2025-04-17,2025,4,17,Thursday,2,3345.0,3345.0,3287.800048828125,3308.699951171875,824,-17.900146484375,-0.5380913232397977,3213.242850167411,3062.1033203125,2867.0944444444444,2455.7956121575344,1.37245623425507,Yahoo Finance
2025-04-21 00:00:00-04:00,2025-04-21,2025,4,21,Monday,2,3342.199951171875,3418.5,3342.199951171875,3406.199951171875,78,97.5,2.9467767231497577,3263.199986049108,3078.8199869791665,2875.3311116536456,2459.671502434717,1.4369453668431893,Yahoo Finance
2025-04-22 00:00:00-04:00,2025-04-22,2025,4,22,Tuesday,2,3422.199951171875,3485.60009765625,3361.699951171875,3400.800048828125,785,-5.39990234375,-0.1585315724607516,3298.285714285714,3095.8133219401043,2883.1444444444446,2463.559721813463,1.4304497054725591,Yahoo Finance
2025-04-23 00:00:00-04:00,2025-04-23,2025,4,23,Wednesday,2,3321.199951171875,3370.300048828125,3256.199951171875,3276.300048828125,331,-124.5,-3.660903264303972,3306.0142996651784,3107.92666015625,2889.1722222222224,2467.14739304634,1.6231172727781278,Yahoo Finance
2025-04-24 00:00:00-04:00,2025-04-24,2025,4,24,Thursday,2,3305.39990234375,3353.89990234375,3304.89990234375,3332.0,560,55.699951171875,1.7000869988021303,3324.185721261161,3121.0233235677083,2896.333333333333,2470.9295848271618,1.638034735743139,Yahoo Finance
2025-04-25 00:00:00-04:00,2025-04-25,2025,4,25,Friday,2,3355.5,3355.5,3266.10009765625,3282.39990234375,162,-49.60009765625,-1.48859836903511,3333.285714285714,3130.9599853515624,2903.293332248264,2474.541091542701,1.660622699810098,Yahoo Finance
2025-04-28 00:00:00-04:00,2025-04-28,2025,4,28,Monday,2,3284.5,3332.5,3284.5,3332.5,1300,50.10009765625,1.5263252238240987,3334.1285574776784,3142.2266520182293,2910.8611111111118,2478.3764340753423,1.674904519932194,Yahoo Finance
2025-04-29 00:00:00-04:00,2025-04-29,2025,4,29,Tuesday,2,3340.0,3340.0,3299.89990234375,3318.800048828125,1278,-13.699951171875,-0.4111013104838745,3335.5714285714284,3152.8533203125,2918.3544460720486,2482.138899962543,1.680704394577492,Yahoo Finance
2025-04-30 00:00:00-04:00,2025-04-30,2025,4,30,Wednesday,2,3318.699951171875,3318.699951171875,3268.0,3305.0,207,-13.800048828125,-0.4158144095784855,3321.1142926897323,3161.8499837239583,2925.7822238498266,2485.818899828767,1.6789893892296768,Yahoo Finance
2025-05-01 00:00:00-04:00,2025-05-01,2025,5,1,Thursday,2,3272.89990234375,3275.0,3198.60009765625,3210.0,2131,-95.0,-2.874432677760963,3293.8571428571427,3167.6533203125,2932.646668836805,2489.2432834572987,1.7759027906146214,Yahoo Finance
2025-05-02 00:00:00-04:00,2025-05-02,2025,5,2,Friday,2,3239.89990234375,3257.0,3225.0,3231.89990234375,1349,21.89990234375,0.6822399484034181,3287.5142647879466,3174.049983723958,2939.348890516493,2492.6624612050514,1.778007788882939,Yahoo Finance
2025-05-05 00:00:00-04:00,2025-05-05,2025,5,5,Monday,2,3242.699951171875,3315.699951171875,3239.699951171875,3311.300048828125,244,79.400146484375,2.456763788593652,3284.55712890625,3183.8199869791665,2947.11555718316,2496.305475104345,1.8144078990288752,Yahoo Finance
2025-05-06 00:00:00-04:00,2025-05-06,2025,5,6,Tuesday,2,3365.5,3430.89990234375,3356.800048828125,3411.39990234375,2357,100.099853515625,3.022977442079,3302.9857003348216,3197.096647135417,2955.908889431424,2500.2334201760486,1.8769344487416264,Yahoo Finance
2025-05-07 00:00:00-04:00,2025-05-07,2025,5,7,Wednesday,2,3418.699951171875,3418.699951171875,3364.699951171875,3381.39990234375,1080,-30.0,-0.8794043752944014,3309.9714006696427,3209.019978841146,2964.1599989149304,2504.019995117188,1.8921410689658693,Yahoo Finance
2025-05-08 00:00:00-04:00,2025-05-08,2025,5,8,Thursday,2,3390.0,3390.0,3288.699951171875,3296.60009765625,200,-84.7998046875,-2.507831286938955,3306.799979073661,3218.2099853515624,2971.708889431424,2507.59588572881,1.9634514053975625,Yahoo Finance
2025-05-09 00:00:00-04:00,2025-05-09,2025,5,9,Friday,2,3299.0,3335.5,3299.0,3335.39990234375,216,38.7998046875,1.1769642522029056,3311.142822265625,3227.383317057292,2979.812220594618,2511.24848833476,1.9614236543752284,Yahoo Finance
2025-05-12 00:00:00-04:00,2025-05-12,2025,5,12,Monday,2,3300.699951171875,3300.699951171875,3205.0,3220.0,886,-115.39990234375,-3.459852063396052,3312.571393694197,3231.833317057292,2986.376665581597,2514.558625187286,2.0746594684589383,Yahoo Finance
2025-05-13 00:00:00-04:00,2025-05-13,2025,5,13,Tuesday,2,3232.0,3251.39990234375,3223.5,3240.300048828125,2424,20.300048828125,0.6304362990100953,3313.771414620536,3235.7499837239584,2992.8366672092016,2517.84794052333,2.067843650685114,Yahoo Finance
2025-05-14 00:00:00-04:00,2025-05-14,2025,5,14,Wednesday,2,3233.0,3233.0,3171.699951171875,3181.39990234375,3518,-58.900146484375,-1.817737419276233,3295.214250837053,3237.833317057292,2998.796666124132,2520.955611555544,2.098304005928062,Yahoo Finance
2025-05-15 00:00:00-04:00,2025-05-15,2025,5,15,Thursday,2,3151.0,3228.10009765625,3125.0,3220.699951171875,652,39.300048828125,1.2353067842610033,3267.9714006696427,3240.526652018229,3005.266666666667,2524.195611488656,2.1062085864331026,Yahoo Finance
2025-05-16 00:00:00-04:00,2025-05-16,2025,5,16,Friday,2,3227.699951171875,3228.10009765625,3173.89990234375,3182.0,199,-38.699951171875,-1.201600638326883,3239.4857003348216,3243.3599853515625,3011.103333875868,2527.2394471050943,2.1024498327814314,Yahoo Finance
2025-05-19 00:00:00-04:00,2025-05-19,2025,5,19,Monday,2,3234.39990234375,3241.0,3228.300048828125,3228.89990234375,266,46.89990234375,1.473912707220304,3229.814243861608,3250.589982096354,3017.3744439019097,2530.540268822239,2.0451190038498246,Yahoo Finance
2025-05-20 00:00:00-04:00,2025-05-20,2025,5,20,Tuesday,2,3219.0,3293.199951171875,3207.5,3280.300048828125,356,51.400146484375,1.5918779782261303,3221.9428362165177,3261.556648763021,3024.0022216796874,2533.9972552573845,2.0129906204552204,Yahoo Finance
2025-05-21 00:00:00-04:00,2025-05-21,2025,5,21,Wednesday,2,3293.39990234375,3317.5,3290.199951171875,3309.300048828125,979,29.0,0.8840654686561367,3234.699986049108,3272.919986979167,3030.677777777778,2537.500817034996,2.014837954419364,Yahoo Finance
2025-05-22 00:00:00-04:00,2025-05-22,2025,5,22,Thursday,2,3327.300048828125,3328.0,3282.699951171875,3292.300048828125,1210,-17.0,-0.5137037968503289,3242.1285574776784,3280.779988606771,3037.553333875868,2540.95944723887,1.960326428824132,Yahoo Finance
2025-05-23 00:00:00-04:00,2025-05-23,2025,5,23,Friday,2,3328.0,3363.60009765625,3323.5,3363.60009765625,47,71.300048828125,2.1656607165408293,3268.157156808036,3287.72666015625,3045.1766682942707,2544.699995317851,1.91397226100964,Yahoo Finance
2025-05-27 00:00:00-04:00,2025-05-27,2025,5,27,Tuesday,2,3332.5,3341.0,3296.300048828125,3299.10009765625,189,-64.5,-1.91758824257805,3279.357177734375,3290.289998372396,3051.6944471571182,2548.319447640197,1.918399497168349,Yahoo Finance
2025-05-28 00:00:00-04:00,2025-05-28,2025,5,28,Wednesday,2,3293.60009765625,3293.60009765625,3293.60009765625,3293.60009765625,127758,-5.5,-0.1667121286773709,3295.300048828125,3293.25,3057.774449327257,2551.924379280822,1.9153370507661287,Yahoo Finance
2025-05-29 00:00:00-04:00,2025-05-29,2025,5,29,Thursday,2,3283.699951171875,3328.800048828125,3242.39990234375,3317.10009765625,24370,23.5,0.7135049581982633,3307.900076729911,3296.5300048828126,3064.138894314236,2555.5813657159674,1.9176528765637395,Yahoo Finance
2025-05-30 00:00:00-04:00,2025-05-30,2025,5,30,Friday,2,3315.10009765625,3318.0,3270.89990234375,3288.89990234375,2213,-28.2001953125,-0.8501460457109866,3309.1286272321427,3295.273331705729,3070.071115451389,2559.0298587328766,1.824492562195716,Yahoo Finance
2025-06-02 00:00:00-04:00,2025-06-02,2025,6,2,Monday,2,3296.89990234375,3380.800048828125,3296.89990234375,3370.60009765625,976,81.7001953125,2.484119241643024,3317.8857770647323,3297.336669921875,3076.771115451389,2562.7271193412885,1.8776660839668515,Yahoo Finance
2025-06-03 00:00:00-04:00,2025-06-03,2025,6,3,Tuesday,2,3385.10009765625,3390.0,3331.300048828125,3350.199951171875,6410,-20.400146484375,-0.6052378179944973,3326.157191685268,3295.470003255208,3083.294447157118,2566.3542423614085,1.8010155143341315,Yahoo Finance
2025-06-04 00:00:00-04:00,2025-06-04,2025,6,4,Wednesday,2,3355.0,3380.0,3344.0,3373.5,207,23.300048828125,0.6954823344193173,3327.571463448661,3294.5600016276044,3089.918891059028,2570.012050513699,1.8058121313074067,Yahoo Finance
2025-06-05 00:00:00-04:00,2025-06-05,2025,6,5,Thursday,2,3371.5,3400.0,3343.699951171875,3350.699951171875,731,-22.800048828125,-0.67585738337409,3334.94287109375,3297.039998372396,3096.7322238498264,2573.6180777771838,1.675288735060558,Yahoo Finance
2025-06-06 00:00:00-04:00,2025-06-06,2025,6,6,Friday,2,3364.300048828125,3364.300048828125,3306.0,3322.699951171875,81,-28.0,-0.8356462950437349,3339.099993024553,3296.729996744792,3102.908889431424,2577.1347900390624,1.6550187956463545,Yahoo Finance
2025-06-09 00:00:00-04:00,2025-06-09,2025,6,9,Monday,2,3315.60009765625,3334.60009765625,3290.0,3332.10009765625,1887,9.400146484375,0.2829068715957783,3341.242850167411,3298.386669921875,3109.164444986979,2580.627940723994,1.6313634325765185,Yahoo Finance
2025-06-10 00:00:00-04:00,2025-06-10,2025,6,10,Tuesday,2,3302.0,3344.300048828125,3302.0,3320.89990234375,65,-11.2001953125,-0.3361302177079861,3345.814278738839,3298.0,3114.696666124132,2584.0873926450126,1.6090412355889885,Yahoo Finance
2025-06-11 00:00:00-04:00,2025-06-11,2025,6,11,Wednesday,2,3328.0,3356.0,3321.300048828125,3321.300048828125,2106,0.400146484375,0.0120493389184295,3338.771414620536,3298.083333333333,3120.35,2587.483009484696,1.6071585119333578,Yahoo Finance
2025-06-12 00:00:00-04:00,2025-06-12,2025,6,12,Thursday,2,3363.0,3395.89990234375,3353.39990234375,3380.89990234375,1818,59.599853515625,1.7944736289831509,3343.1571219308034,3300.613330078125,3126.427777777778,2591.063831402504,1.637110480937182,Yahoo Finance
2025-06-13 00:00:00-04:00,2025-06-13,2025,6,13,Friday,2,3407.300048828125,3444.0,3407.300048828125,3431.199951171875,499,50.300048828125,1.4877710160320134,3351.399972098214,3307.9866617838543,3132.8488878038197,2594.813968522581,1.5565964396152712,Yahoo Finance
2025-06-16 00:00:00-04:00,2025-06-16,2025,6,16,Monday,2,3442.0,3442.0,3385.39990234375,3396.39990234375,480,-34.800048828125,-1.0142238669664128,3357.928536551339,3313.4699951171874,3138.679996744792,2598.4632835910743,1.570507706601502,Yahoo Finance
2025-06-17 00:00:00-04:00,2025-06-17,2025,6,17,Tuesday,2,3398.300048828125,3398.300048828125,3376.10009765625,3386.60009765625,1477,-9.7998046875,-0.2885350656363417,3367.05712890625,3315.979996744792,3144.5755533854167,2602.1684894718537,1.5120157289117762,Yahoo Finance
2025-06-18 00:00:00-04:00,2025-06-18,2025,6,18,Wednesday,2,3385.300048828125,3391.89990234375,3365.10009765625,3389.800048828125,0,3.199951171875,0.0944886044883075,3375.299979073661,3315.260001627604,3150.3811089409724,2605.8602702937715,1.4067347490539237,Yahoo Finance
2025-06-20 00:00:00-04:00,2025-06-20,2025,6,20,Friday,2,3350.0,3372.89990234375,3341.0,3368.10009765625,709,-21.699951171875,-0.6401543117381503,3382.0428641183034,3314.8166748046874,3155.423331705729,2609.4923252889557,1.4023164587592765,Yahoo Finance
2025-06-23 00:00:00-04:00,2025-06-23,2025,6,23,Monday,2,3365.89990234375,3387.89990234375,3350.0,3377.699951171875,30,9.599853515625,0.285022809218316,3390.099993024553,3317.5200032552084,3160.592220052083,2613.193969057684,1.320662945767194,Yahoo Finance
2025-06-24 00:00:00-04:00,2025-06-24,2025,6,24,Tuesday,2,3358.0,3358.0,3301.0,3317.39990234375,538,-60.300048828125,-1.7852399472962133,3381.028564453125,3316.9200032552085,3165.129996744792,2616.7309550246146,1.3470265406698751,Yahoo Finance
2025-06-25 00:00:00-04:00,2025-06-25,2025,6,25,Wednesday,2,3321.60009765625,3331.199951171875,3310.60009765625,3327.10009765625,373,9.7001953125,0.29240355694371,3366.157156808036,3320.4900065104166,3169.5877766927083,2620.3073937821064,1.1793467993256526,Yahoo Finance
2025-06-26 00:00:00-04:00,2025-06-26,2025,6,26,Thursday,2,3332.39990234375,3333.5,3332.39990234375,3333.5,2058,6.39990234375,0.1923567718403962,3357.171456473214,3323.596671549479,3174.586664496528,2623.921640223673,1.1754610089003463,Yahoo Finance
2025-06-27 00:00:00-04:00,2025-06-27,2025,6,27,Friday,2,3318.699951171875,3318.699951171875,3253.800048828125,3273.699951171875,284,-59.800048828125,-1.7939117692552853,3341.0428641183034,3326.67333984375,3178.3877739800346,2627.2832840592896,1.1741270621437028,Yahoo Finance
2025-06-30 00:00:00-04:00,2025-06-30,2025,6,30,Monday,2,3265.89990234375,3306.89990234375,3262.0,3294.39990234375,1242,20.699951171875,0.6323105807074736,3327.4142717633927,3329.1300048828125,3182.5544406467016,2630.7583522848886,1.1591228853115312,Yahoo Finance
2025-07-01 00:00:00-04:00,2025-07-01,2025,7,1,Tuesday,3,3310.10009765625,3354.10009765625,3310.10009765625,3336.699951171875,371,42.300048828125,1.2839986061810915,3322.928536551339,3334.286669921875,3186.9622178819445,2634.4134207111515,1.1530322532225583,Yahoo Finance
2025-07-02 00:00:00-04:00,2025-07-02,2025,7,2,Wednesday,3,3329.0,3357.5,3329.0,3348.0,39,11.300048828125,0.338659423786547,3318.6856863839284,3338.2566731770835,3191.522216796875,2638.0556125588614,1.1269191654335022,Yahoo Finance
2025-07-03 00:00:00-04:00,2025-07-03,2025,7,3,Thursday,3,3362.0,3362.0,3322.300048828125,3331.60009765625,0,-16.39990234375,-0.4898417665397225,3320.714285714286,3339.9666748046875,3195.7855523003477,2641.631229264769,1.0973064700700736,Yahoo Finance
2025-07-04 00:00:00-04:00,2025-07-04,2025,7,4,Friday,3,3342.0,3342.0,3332.5,3332.5,0,0.89990234375,0.0270111153011232,3321.4857003348216,3340.7400065104166,3200.5411078559027,2645.2276674871578,1.0861458975560938,Yahoo Finance
2025-07-07 00:00:00-04:00,2025-07-07,2025,7,7,Monday,3,3305.5,3333.300048828125,3299.199951171875,3332.199951171875,254,-0.300048828125,-0.0090037157726929,3321.299979073661,3342.070003255208,3205.156662326389,2648.8125989940067,1.0813485259554856,Yahoo Finance
2025-07-08 00:00:00-04:00,2025-07-08,2025,7,8,Tuesday,3,3330.39990234375,3334.5,3287.60009765625,3307.0,909,-25.199951171875,-0.7562556731630865,3326.05712890625,3340.1833333333334,3209.8655517578127,2652.355338653146,1.0132743098374195,Yahoo Finance
2025-07-09 00:00:00-04:00,2025-07-09,2025,7,9,Wednesday,3,3289.39990234375,3314.0,3282.0,3311.60009765625,114,4.60009765625,0.1391018341775129,3328.5142996651784,3340.6,3215.141107855902,2655.902462141481,0.9502897141656814,Yahoo Finance
2025-07-10 00:00:00-04:00,2025-07-10,2025,7,10,Thursday,3,3323.60009765625,3330.5,3311.60009765625,3317.39990234375,209,5.7998046875,0.1751360223598563,3325.757149832589,3341.3933268229166,3219.8877739800346,2659.465749411387,0.9500608937648072,Yahoo Finance
2025-07-11 00:00:00-04:00,2025-07-11,2025,7,11,Friday,3,3330.5,3370.0,3330.5,3356.0,776,38.60009765625,1.1635648035372317,3326.9000069754466,3342.689990234375,3224.847772894965,2663.111776942423,0.964693546235658,Yahoo Finance
2025-07-14 00:00:00-04:00,2025-07-14,2025,7,14,Monday,3,3367.0,3375.5,3350.0,3351.5,583,-4.5,-0.1340882002383803,3329.742850167411,3344.77666015625,3229.694439019097,2666.728215298587,0.9505792263135656,Yahoo Finance
2025-07-15 00:00:00-04:00,2025-07-15,2025,7,15,Tuesday,3,3341.0,3341.0,3329.800048828125,3329.800048828125,210,-21.699951171875,-0.6474698246121124,3329.3571428571427,3343.4166585286457,3234.285549587674,2670.238900631421,0.8417333706133394,Yahoo Finance
2025-07-16 00:00:00-04:00,2025-07-16,2025,7,16,Wednesday,3,3341.199951171875,3352.89990234375,3329.5,3352.5,10,22.699951171875,0.6817211495886655,3332.257149832589,3343.4933268229165,3239.261105685764,2673.799174604024,0.844573160745179,Yahoo Finance
2025-07-17 00:00:00-04:00,2025-07-17,2025,7,17,Thursday,3,3313.800048828125,3340.800048828125,3313.800048828125,3340.10009765625,667,-12.39990234375,-0.3698703159955241,3336.985735212053,3342.379996744792,3244.2511067708333,2677.371777678189,0.8369342638708545,Yahoo Finance
2025-07-18 00:00:00-04:00,2025-07-18,2025,7,18,Friday,3,3338.199951171875,3353.0,3338.199951171875,3353.0,602,12.89990234375,0.3862130465132507,3342.9000069754466,3342.4566650390625,3249.141107855902,2681.0082161681294,0.8311050781834741,Yahoo Finance
2025-07-21 00:00:00-04:00,2025-07-21,2025,7,21,Monday,3,3350.300048828125,3411.699951171875,3350.300048828125,3401.89990234375,53,48.89990234375,1.4583925542424714,3354.971435546875,3345.0966634114584,3254.283327907986,2684.754517270441,0.8561884087439617,Yahoo Finance
2025-07-22 00:00:00-04:00,2025-07-22,2025,7,22,Tuesday,3,3411.0,3441.0,3395.60009765625,3439.199951171875,39,37.300048828125,1.0964475704422494,3366.8571428571427,3348.6666585286457,3259.337771267361,2688.6010926129065,0.8754353178738412,Yahoo Finance
2025-07-23 00:00:00-04:00,2025-07-23,2025,7,23,Wednesday,3,3430.300048828125,3433.89990234375,3388.10009765625,3394.10009765625,63,-45.099853515625,-1.3113472364483347,3372.94287109375,3351.1066650390626,3263.7777723524305,2692.332325890946,0.9099674601624648,Yahoo Finance
2025-07-24 00:00:00-04:00,2025-07-24,2025,7,24,Thursday,3,3367.0,3371.0,3367.0,3371.0,1175,-23.10009765625,-0.6805956510299027,3378.8285784040177,3352.763330078125,3267.8999945746527,2696.024654524293,0.9203918958478016,Yahoo Finance
2025-07-25 00:00:00-04:00,2025-07-25,2025,7,25,Friday,3,3344.0,3345.0,3326.5,3334.0,67,-37.0,-1.097597152180363,3376.185721261161,3351.2,3271.2211046006946,2699.6295861649187,0.8824423543878912,Yahoo Finance
2025-07-28 00:00:00-04:00,2025-07-28,2025,7,28,Monday,3,3326.60009765625,3326.800048828125,3309.10009765625,3309.10009765625,533,-24.89990234375,-0.7468477007723462,3371.757149832589,3347.1300048828125,3274.256662326389,2703.2356137628426,0.8421869081679081,Yahoo Finance
2025-07-29 00:00:00-04:00,2025-07-29,2025,7,29,Tuesday,3,3323.39990234375,3323.39990234375,3323.39990234375,3323.39990234375,113144,14.2998046875,0.432135754902907,3367.528564453125,3344.696671549479,3277.405550130208,2706.8879421286388,0.8303858391759577,Yahoo Finance
2025-07-30 00:00:00-04:00,2025-07-30,2025,7,30,Wednesday,3,3325.800048828125,3331.800048828125,3263.89990234375,3295.800048828125,19252,-27.599853515625,-0.8304704316853595,3352.3714425223216,3341.6700032552085,3280.4899956597224,2710.4323258909462,0.8411499839696324,Yahoo Finance
2025-07-31 00:00:00-04:00,2025-07-31,2025,7,31,Thursday,3,3272.89990234375,3312.0,3272.89990234375,3293.199951171875,3704,-2.60009765625,-0.0788912439386169,3331.5142996651784,3338.45,3283.6022162543404,2713.9438326064856,0.840454476434661,Yahoo Finance
2025-08-01 00:00:00-04:00,2025-08-01,2025,8,1,Friday,3,3286.199951171875,3360.60009765625,3281.0,3347.699951171875,3420,54.5,1.654925325156964,3324.885707310268,3337.769995117188,3287.2022162543403,2717.5608187740795,0.891809304118207,Yahoo Finance
2025-08-04 00:00:00-04:00,2025-08-04,2025,8,4,Monday,3,3367.60009765625,3386.5,3347.39990234375,3374.39990234375,351,26.699951171875,0.7975610586763882,3325.371407645089,3337.6599934895835,3291.1299940321182,2721.2652019343964,0.9026266767012878,Yahoo Finance
2025-08-05 00:00:00-04:00,2025-08-05,2025,8,5,Tuesday,3,3378.5,3387.199951171875,3351.199951171875,3381.89990234375,915,7.5,0.222261741851959,3332.214250837053,3339.809993489583,3294.704437934028,2724.997256595141,0.837742266679471,Yahoo Finance
2025-08-06 00:00:00-04:00,2025-08-06,2025,8,6,Wednesday,3,3380.699951171875,3383.300048828125,3361.300048828125,3380.0,1492,-1.89990234375,-0.0561785504778922,3342.3428083147323,3341.5733235677085,3297.9655490451387,2728.67232515518,0.836933760573691,Yahoo Finance
2025-08-07 00:00:00-04:00,2025-08-07,2025,8,7,Thursday,3,3384.89990234375,3422.89990234375,3384.89990234375,3400.300048828125,5464,20.300048828125,0.6005931605954196,3353.328543526786,3343.7999918619794,3301.048882378472,2732.430681453339,0.8425276899513912,Yahoo Finance
2025-08-08 00:00:00-04:00,2025-08-08,2025,8,8,Friday,3,3438.800048828125,3477.0,3402.5,3439.10009765625,7657,38.800048828125,1.1410772070393316,3373.799979073661,3349.313330078125,3304.6066623263887,2736.2802707619862,0.7872704613300687,Yahoo Finance
2025-08-11 00:00:00-04:00,2025-08-11,2025,8,11,Monday,3,3383.89990234375,3383.89990234375,3349.199951171875,3353.10009765625,1488,-86.0,-2.500654169926864,3382.3571428571427,3351.2700032552084,3306.975553385417,2739.8969833583046,0.9200707248875722,Yahoo Finance
2025-08-12 00:00:00-04:00,2025-08-12,2025,8,12,Tuesday,3,3356.199951171875,3356.199951171875,3330.10009765625,3348.89990234375,1611,-4.2001953125,-0.1252630458433379,3382.528564453125,3351.6766682942707,3309.7744411892363,2743.467394183433,0.8911006279868818,Yahoo Finance
2025-08-13 00:00:00-04:00,2025-08-13,2025,8,13,Wednesday,3,3358.800048828125,3363.39990234375,3358.699951171875,3358.699951171875,1011,9.800048828125,0.2926348685807545,3380.285714285714,3352.0333333333333,3313.626662868924,2746.9517778788527,0.8905654537562973,Yahoo Finance
2025-08-14 00:00:00-04:00,2025-08-14,2025,8,14,Thursday,3,3346.800048828125,3356.0,3328.89990234375,3335.199951171875,592,-23.5,-0.6996754798475169,3373.6142926897323,3352.153328450521,3317.89221733941,2750.287394317209,0.8954734437048062,Yahoo Finance
2025-08-15 00:00:00-04:00,2025-08-15,2025,8,15,Friday,3,3346.800048828125,3346.800048828125,3335.89990234375,3336.0,1185,0.800048828125,0.0239880318972707,3367.3285784040177,3352.269995117188,3321.9766628689235,2753.581914865154,0.8954713407893569,Yahoo Finance
2025-08-18 00:00:00-04:00,2025-08-18,2025,8,18,Monday,3,3333.5,3347.800048828125,3331.699951171875,3331.699951171875,646,-4.300048828125,-0.1288983461668169,3357.528564453125,3352.2533284505207,3325.0344401041666,2756.8186269263697,0.8958144841819121,Yahoo Finance
2025-08-19 00:00:00-04:00,2025-08-19,2025,8,19,Tuesday,3,3330.199951171875,3343.5,3313.39990234375,3313.39990234375,1655,-18.300048828125,-0.549270615491293,3339.571393694197,3352.466658528646,3326.79221733941,2759.984106110873,0.8905435941634479,Yahoo Finance
2025-08-20 00:00:00-04:00,2025-08-20,2025,8,20,Wednesday,3,3310.60009765625,3343.5,3310.10009765625,3343.39990234375,1213,30.0,0.9054144046657164,3338.185651506697,3353.526652018229,3328.138883463542,2763.1753384524827,0.9052348309143918,Yahoo Finance
2025-08-21 00:00:00-04:00,2025-08-21,2025,8,21,Thursday,3,3349.39990234375,3349.39990234375,3326.5,3336.89990234375,142,-6.5,-0.1944128788017085,3336.471365792411,3354.176652018229,3329.6066596137152,2766.338077910959,0.9057880447234364,Yahoo Finance
2025-08-22 00:00:00-04:00,2025-08-22,2025,8,22,Friday,3,3349.39990234375,3377.699951171875,3349.39990234375,3374.39990234375,1240,37.5,1.1237975695243652,3338.7142159598216,3354.7899820963544,3331.3366590711807,2769.6641053082194,0.904089612734539,Yahoo Finance
2025-08-25 00:00:00-04:00,2025-08-25,2025,8,25,Monday,3,3366.0,3378.0,3366.0,3373.800048828125,1044,-0.599853515625,-0.0177765982985134,3344.228515625,3355.533317057292,3331.86110297309,2772.947393380779,0.9036456209046344,Yahoo Finance
2025-08-26 00:00:00-04:00,2025-08-26,2025,8,26,Tuesday,3,3378.89990234375,3396.5,3371.10009765625,3388.60009765625,905,14.800048828125,0.438675932596122,3351.7428152901784,3357.493318684896,3332.7488823784724,2776.3052018675085,0.8974669742314012,Yahoo Finance
2025-08-27 00:00:00-04:00,2025-08-27,2025,8,27,Wednesday,3,3397.0,3404.60009765625,3382.0,3404.60009765625,3222,16.0,0.4721713846100206,3362.1571219308034,3359.229988606771,3332.731106228299,2779.722462275257,0.8932852519635175,Yahoo Finance
2025-08-28 00:00:00-04:00,2025-08-28,2025,8,28,Thursday,3,3409.0,3434.60009765625,3400.0,3431.800048828125,1035,27.199951171875,0.7989176523433672,3379.0714285714284,3362.286653645833,3333.0755506727432,2783.204928296233,0.8995687747058858,Yahoo Finance
2025-08-29 00:00:00-04:00,2025-08-29,2025,8,29,Friday,3,3432.5,3475.60009765625,3426.60009765625,3473.699951171875,0,41.89990234375,1.2209307578411543,3397.685721261161,3366.3099853515623,3335.268882921007,2786.8142430971748,0.9215512967248792,Yahoo Finance
2025-09-02 00:00:00-04:00,2025-09-02,2025,9,2,Tuesday,3,3485.699951171875,3559.199951171875,3485.699951171875,3549.39990234375,658,75.699951171875,2.179231143620708,3428.0428641183034,3371.2266520182293,3337.684437391493,2790.626571864298,0.965924308263755,Yahoo Finance
2025-09-03 00:00:00-04:00,2025-09-03,2025,9,3,Wednesday,3,3554.800048828125,3593.699951171875,3553.199951171875,3593.199951171875,72,43.800048828125,1.2340127918300414,3459.3000139508927,3376.3599853515625,3341.137771267361,2794.491777477526,0.97090514648714,Yahoo Finance
2025-09-04 00:00:00-04:00,2025-09-04,2025,9,4,Thursday,3,3549.89990234375,3573.60009765625,3549.89990234375,3565.800048828125,237,-27.39990234375,-0.7625487786955487,3486.728585379464,3382.083317057292,3343.729994032118,2798.348489672517,0.9472914076678276,Yahoo Finance
2025-09-05 00:00:00-04:00,2025-09-05,2025,9,5,Friday,3,3567.800048828125,3613.199951171875,3567.800048828125,3613.199951171875,925,47.39990234375,1.329292211977151,3518.814278738839,3390.1566487630207,3347.00110405816,2802.2893113227738,0.956166562036339,Yahoo Finance
2025-09-08 00:00:00-04:00,2025-09-08,2025,9,8,Monday,3,3594.5,3641.0,3590.0,3638.10009765625,97,24.900146484375,0.6891438841157616,3552.1714215959823,3400.293318684896,3350.7022162543403,2806.2961606378426,0.9253876444589724,Yahoo Finance
2025-09-09 00:00:00-04:00,2025-09-09,2025,9,9,Tuesday,3,3647.10009765625,3670.39990234375,3627.800048828125,3643.300048828125,535,5.199951171875,0.1429304041201229,3582.385707310268,3411.433317057292,3355.5166612413195,2810.276160504067,0.9048580197494444,Yahoo Finance
2025-09-10 00:00:00-04:00,2025-09-10,2025,9,10,Wednesday,3,3625.0,3655.39990234375,3620.800048828125,3643.60009765625,136,0.300048828125,0.0082356331925437,3606.657156808036,3422.106656901042,3360.091107855903,2814.183558299444,0.906438744709322,Yahoo Finance
2025-09-11 00:00:00-04:00,2025-09-11,2025,9,11,Thursday,3,3632.89990234375,3636.89990234375,3618.39990234375,3636.89990234375,307,-6.7001953125,-0.1838894261971813,3619.157156808036,3433.4766520182293,3363.7088840060765,2818.020270360659,0.8858125885608384,Yahoo Finance
2025-09-12 00:00:00-04:00,2025-09-12,2025,9,12,Friday,3,3655.5,3656.800048828125,3643.0,3649.39990234375,1300,12.5,0.343699313581447,3627.185721261161,3445.3499837239583,3366.3533284505206,2821.824105709546,0.8823966237050727,Yahoo Finance
2025-09-15 00:00:00-04:00,2025-09-15,2025,9,15,Monday,3,3640.0,3686.39990234375,3635.10009765625,3682.199951171875,210,32.800048828125,0.8987792433232666,3643.814278738839,3456.4999837239584,3369.6955512152776,2825.626297624144,0.8540848292253027,Yahoo Finance
2025-09-16 00:00:00-04:00,2025-09-16,2025,9,16,Tuesday,3,3681.39990234375,3698.60009765625,3681.39990234375,3688.89990234375,373,6.699951171875,0.1819551154396803,3654.6285574776784,3466.9833170572915,3374.054437934028,2829.462187633776,0.8496360934818901,Yahoo Finance
2025-09-17 00:00:00-04:00,2025-09-17,2025,9,17,Wednesday,3,3669.0,3685.199951171875,3661.60009765625,3681.800048828125,183,-7.099853515625,-0.1924653339363868,3660.871407645089,3476.979988606771,3377.903328450521,2833.1775303670806,0.8543219829214836,Yahoo Finance
2025-09-18 00:00:00-04:00,2025-09-18,2025,9,18,Thursday,3,3654.60009765625,3667.39990234375,3637.0,3643.699951171875,80,-38.10009765625,-1.0348225637178965,3660.928536551339,3485.769986979167,3382.611105685764,2836.772050915026,0.8859813223036503,Yahoo Finance
2025-09-19 00:00:00-04:00,2025-09-19,2025,9,19,Friday,3,3659.0,3685.89990234375,3658.199951171875,3671.5,211,27.800048828125,0.7629620770278844,3664.914236886161,3494.8099853515623,3387.40221625434,2840.410407079409,0.8886601678254551,Yahoo Finance
2025-09-22 00:00:00-04:00,2025-09-22,2025,9,22,Monday,3,3688.199951171875,3748.199951171875,3688.0,3740.699951171875,410,69.199951171875,1.884786903768898,3679.7428152901775,3504.863313802083,3393.6166612413194,2844.2764340753424,0.9237681297871004,Yahoo Finance
2025-09-23 00:00:00-04:00,2025-09-23,2025,9,23,Tuesday,3,3747.0,3786.0,3740.0,3780.60009765625,627,39.900146484375,1.0666492101799152,3698.4857003348216,3519.113313802083,3399.837773980035,2848.182735578981,0.7695929882883288,Yahoo Finance
2025-09-24 00:00:00-04:00,2025-09-24,2025,9,24,Wednesday,3,3769.800048828125,3772.5,3732.10009765625,3732.10009765625,588,-48.5,-1.2828651205417652,3705.614292689732,3531.886653645833,3405.9499972873264,2851.952325021404,0.8241153991794632,Yahoo Finance
2025-09-25 00:00:00-04:00,2025-09-25,2025,9,25,Thursday,3,3742.800048828125,3756.0,3724.699951171875,3736.89990234375,1899,4.7998046875,0.1286086804186847,3712.471435546875,3544.493318684896,3411.594441731771,2855.7087629762414,0.8251558720535229,Yahoo Finance
2025-09-26 00:00:00-04:00,2025-09-26,2025,9,26,Friday,3,3775.300048828125,3775.300048828125,3775.300048828125,3775.300048828125,19308,38.400146484375,1.0275936601965352,3725.8285784040177,3559.163321940104,3417.094441731771,2859.501913661173,0.8087951348796958,Yahoo Finance
2025-09-29 00:00:00-04:00,2025-09-29,2025,9,29,Monday,3,3754.800048828125,3827.60009765625,3754.800048828125,3820.89990234375,8860,45.599853515625,1.2078471360118748,3751.142857142857,3575.326652018229,3422.778884548611,2863.472324486301,0.8177812707033186,Yahoo Finance
2025-09-30 00:00:00-04:00,2025-09-30,2025,9,30,Tuesday,3,3827.5,3865.5,3793.39990234375,3840.800048828125,1611,19.900146484375,0.5208235492420998,3775.3285784040177,3592.2966552734374,3428.873328993056,2867.46821489726,0.8103093357992676,Yahoo Finance
2025-10-01 00:00:00-04:00,2025-10-01,2025,10,1,Wednesday,4,3863.5,3891.89990234375,3853.300048828125,3867.5,1778,26.699951171875,0.6951663932628138,3793.44287109375,3610.7666585286456,3434.472216796875,2871.493146671661,0.7874225395826785,Yahoo Finance
2025-10-02 00:00:00-04:00,2025-10-02,2025,10,2,Thursday,4,3856.199951171875,3888.60009765625,3823.699951171875,3839.699951171875,3418,-27.800048828125,-0.7188118636877849,3801.885707310268,3627.309993489583,3440.478881835937,2875.6232836579625,0.8153356011240891,Yahoo Finance
2025-10-03 00:00:00-04:00,2025-10-03,2025,10,3,Friday,4,3855.199951171875,3886.800048828125,3853.699951171875,3880.800048828125,392,41.10009765625,1.0703986816393396,3823.1285574776784,3645.439998372396,3447.0033257378477,2879.878352418664,0.8127259264956928,Yahoo Finance
2025-10-06 00:00:00-04:00,2025-10-06,2025,10,6,Monday,4,3931.300048828125,3960.0,3926.800048828125,3948.5,1267,67.699951171875,1.744484392910639,3853.357142857143,3664.576668294271,3454.018880208333,2884.3276674871577,0.8365012657697851,Yahoo Finance
2025-10-07 00:00:00-04:00,2025-10-07,2025,10,7,Tuesday,4,3959.39990234375,3981.5,3940.0,3976.60009765625,2903,28.10009765625,0.7116651299544197,3882.114292689732,3684.670003255209,3461.6599934895835,2888.839448442851,0.8306568816418509,Yahoo Finance
2025-10-08 00:00:00-04:00,2025-10-08,2025,10,8,Wednesday,4,3987.199951171875,4049.199951171875,3987.199951171875,4043.300048828125,2179,66.699951171875,1.677311007742199,3913.8857421875,3706.493334960937,3469.134437391493,2893.520270360659,0.8552098234150649,Yahoo Finance
2025-10-09 00:00:00-04:00,2025-10-09,2025,10,9,Thursday,4,4011.199951171875,4046.199951171875,3940.0,3946.300048828125,3130,-97.0,-2.399030465921359,3928.957170758928,3724.55,3475.757771809896,2897.9062981592465,1.0150445389319622,Yahoo Finance
2025-10-10 00:00:00-04:00,2025-10-10,2025,10,10,Friday,4,3957.0,4012.0,3945.5,3975.89990234375,1697,29.599853515625,0.7500659643053353,3944.44287109375,3742.686661783854,3482.45110405816,2902.5213666523973,1.0145848331889151,Yahoo Finance
2025-10-13 00:00:00-04:00,2025-10-13,2025,10,13,Monday,4,4016.0,4111.0,4016.0,4108.60009765625,1697,132.7001953125,3.33761408918456,3982.857177734375,3763.85,3490.872216796875,2907.476709653253,1.1333329855124568,Yahoo Finance
2025-10-14 00:00:00-04:00,2025-10-14,2025,10,14,Tuesday,4,4131.7001953125,4160.10009765625,4085.800048828125,4138.7001953125,2424,30.10009765625,0.7326120075161535,4019.700055803572,3783.493343098958,3499.9388861762154,2912.516436349529,1.092420566229643,Yahoo Finance
2025-10-15 00:00:00-04:00,2025-10-15,2025,10,15,Wednesday,4,4145.0,4210.60009765625,4145.0,4176.89990234375,3287,38.19970703125,0.9229880210824382,4052.32861328125,3802.9500081380206,3509.3255506727432,2917.661367588827,1.0868632863350116,Yahoo Finance
2025-10-16 00:00:00-04:00,2025-10-16,2025,10,16,Thursday,4,4198.7998046875,4307.0,4196.60009765625,4280.2001953125,4705,103.30029296875,2.4731330743833717,4095.700055803572,3826.7633463541674,3519.9844428168403,2923.0273952536386,1.1165028466453255,Yahoo Finance
2025-10-17 00:00:00-04:00,2025-10-17,2025,10,17,Friday,4,4354.7001953125,4358.0,4182.2001953125,4189.89990234375,4060,-90.30029296875,-2.1097212477968474,4116.64289202009,3845.986678059896,3529.635552300347,2928.1635595034245,1.2131632731897015,Yahoo Finance
2025-10-20 00:00:00-04:00,2025-10-20,2025,10,20,Monday,4,4244.10009765625,4356.60009765625,4214.60009765625,4336.39990234375,1750,146.5,3.4965035779983777,4172.371442522322,3869.2633382161457,3540.252218967014,2933.705476776541,1.3306844419657913,Yahoo Finance
2025-10-21 00:00:00-04:00,2025-10-21,2025,10,21,Tuesday,4,4332.7001953125,4332.7001953125,4087.699951171875,4087.699951171875,2943,-248.699951171875,-5.735171035251085,4188.342878069197,3884.076668294271,3547.546663411458,2938.5153393889127,1.7623635509457063,Yahoo Finance
2025-10-22 00:00:00-04:00,2025-10-22,2025,10,22,Wednesday,4,4109.7001953125,4148.5,4006.0,4044.39990234375,1237,-43.300048828125,-1.0592765943036375,4179.171421595982,3897.436661783854,3554.7466634114585,2943.110133508133,1.7812136352638366,Yahoo Finance
2025-10-23 00:00:00-04:00,2025-10-23,2025,10,23,Thursday,4,4078.39990234375,4136.7998046875,4070.699951171875,4125.5,354,81.10009765625,2.005244278866991,4177.285679408482,3913.7233317057294,3562.956662326389,2948.012598994007,1.8027063385349773,Yahoo Finance
2025-10-24 00:00:00-04:00,2025-10-24,2025,10,24,Friday,4,4117.5,4120.60009765625,4074.89990234375,4118.39990234375,123,-7.10009765625,-0.1721027186098678,4168.92853655134,3929.356665039063,3571.05221625434,2952.848215432363,1.8060830459261787,Yahoo Finance
2025-10-27 00:00:00-04:00,2025-10-27,2025,10,27,Monday,4,4060.0,4078.60009765625,3971.300048828125,4001.89990234375,220,-116.5,-2.828768520844726,4129.171351841518,3940.013330078125,3578.094436306424,2957.267941325985,1.8978799296226372,Yahoo Finance
2025-10-28 00:00:00-04:00,2025-10-28,2025,10,28,Tuesday,4,3929.699951171875,3966.199951171875,3923.60009765625,3966.199951171875,219,-35.699951171875,-0.8920750654199727,4097.214215959822,3949.256665039063,3584.6333251953124,2961.6136946168663,1.9101860927008123,Yahoo Finance
2025-10-29 00:00:00-04:00,2025-10-29,2025,10,29,Wednesday,4,3983.699951171875,3983.699951171875,3983.699951171875,3983.699951171875,1344,17.5,0.4412283852413878,4046.8285086495534,3959.3199951171873,3592.036659071181,2965.919174068921,1.9085164409486068,Yahoo Finance
2025-10-30 00:00:00-04:00,2025-10-30,2025,10,30,Thursday,4,3960.0,4027.199951171875,3913.699951171875,4001.300048828125,935,17.60009765625,0.441802793181556,4034.485665457589,3971.239998372396,3599.527769639757,2970.2134210455906,1.892388484361824,Yahoo Finance
2025-10-31 00:00:00-04:00,2025-10-31,2025,10,31,Friday,4,4034.5,4034.5,3976.60009765625,3982.199951171875,559,-19.10009765625,-0.4773472977074977,4025.5999581473216,3981.5966634114575,3606.735546875,2974.488763511344,1.896149487347471,Yahoo Finance
2025-11-03 00:00:00-05:00,2025-11-03,2025,11,3,Monday,4,3976.199951171875,4020.0,3959.0,4000.300048828125,0,18.10009765625,0.4545250835765735,4007.714250837053,3990.25,3614.808881293403,2978.902736381636,1.872467980221824,Yahoo Finance
2025-11-04 00:00:00-05:00,2025-11-04,2025,11,4,Tuesday,4,3994.199951171875,3995.39990234375,3927.39990234375,3947.699951171875,657,-52.60009765625,-1.3149038075696118,3983.328543526786,3995.8199951171873,3622.0677707248265,2983.321092412243,1.8866884678699896,Yahoo Finance
2025-11-05 00:00:00-05:00,2025-11-05,2025,11,5,Wednesday,4,3929.89990234375,3983.5,3929.89990234375,3980.300048828125,559,32.60009765625,0.8257997836581543,3980.242850167411,4004.093326822917,3629.218882921007,2987.835613093964,1.8702245610452728,Yahoo Finance
2025-11-06 00:00:00-05:00,2025-11-06,2025,11,6,Thursday,4,4004.0,4007.5,3979.89990234375,3979.89990234375,650,-0.400146484375,-0.0100531738679521,3982.1999860491073,4012.193326822917,3636.239992947048,2992.2868458369007,1.870660033339605,Yahoo Finance
2025-11-07 00:00:00-05:00,2025-11-07,2025,11,7,Friday,4,3980.800048828125,3999.39990234375,3980.800048828125,3999.39990234375,245,19.5,0.4899620713705976,3984.4428362165177,4019.663321940104,3643.6599907769096,2996.8323248876286,1.8652965548497424,Yahoo Finance
2025-11-10 00:00:00-05:00,2025-11-10,2025,11,10,Monday,4,4060.0,4111.7998046875,4060.0,4111.7998046875,189,112.39990234375,2.810419190086022,4000.228515625,4029.3599853515625,3652.31887749566,3001.67862598994,1.9171045998264056,Yahoo Finance
2025-11-11 00:00:00-05:00,2025-11-11,2025,11,11,Tuesday,4,4140.10009765625,4140.10009765625,4106.7998046875,4106.7998046875,569,-5.0,-0.1216012509728692,4018.028494698661,4038.226643880209,3660.9255425347214,3006.5660229826626,1.9177111297419864,Yahoo Finance
2025-11-12 00:00:00-05:00,2025-11-12,2025,11,12,Wednesday,4,4115.60009765625,4204.39990234375,4102.89990234375,4204.39990234375,396,97.60009765625,2.3765487069725038,4047.185616629464,4049.456640625,3670.896652560764,3011.6558854612585,1.9556247585445088,Yahoo Finance
2025-11-13 00:00:00-05:00,2025-11-13,2025,11,13,Thursday,4,4228.7001953125,4228.7001953125,4163.7001953125,4186.89990234375,167,-17.5,-0.4162306252134762,4081.357038225447,4061.0299723307294,3680.6222059461807,3016.7556112211046,1.9509774636718904,Yahoo Finance
2025-11-14 00:00:00-05:00,2025-11-14,2025,11,14,Friday,4,4197.7001953125,4197.89990234375,4047.0,4087.60009765625,483,-99.2998046875,-2.371678497303309,4096.685616629465,4067.923307291667,3689.179985894097,3021.5049262895977,2.0050313189279816,Yahoo Finance
2025-11-17 00:00:00-05:00,2025-11-17,2025,11,17,Monday,4,4070.0,4099.5,4019.39990234375,4068.300048828125,1552,-19.300048828125,-0.4721608857772397,4109.314208984375,4071.916642252604,3697.094430881076,3026.1569810841183,1.986636595896276,Yahoo Finance
2025-11-18 00:00:00-05:00,2025-11-18,2025,11,18,Tuesday,4,4037.39990234375,4063.39990234375,4035.60009765625,4061.300048828125,1375,-7.0,-0.1720620385906923,4118.157087053572,4074.739973958333,3704.9810980902776,3030.968214228382,1.9840944925291444,Yahoo Finance
2025-11-19 00:00:00-05:00,2025-11-19,2025,11,19,Wednesday,4,4086.10009765625,4122.7001953125,4072.0,4077.699951171875,486,16.39990234375,0.4038091780114161,4113.285679408482,4075.886637369792,3713.291097005209,3035.817529296875,1.9624559115379503,Yahoo Finance
2025-11-20 00:00:00-05:00,2025-11-20,2025,11,20,Thursday,4,4045.0,4090.39990234375,4040.199951171875,4056.5,202,-21.199951171875,-0.5198997333235034,4106.099993024553,4079.5599690755207,3721.113319227431,3040.609310118793,1.9110058702848456,Yahoo Finance
2025-11-21 00:00:00-05:00,2025-11-21,2025,11,21,Friday,4,4031.800048828125,4085.199951171875,4031.800048828125,4076.699951171875,171,20.199951171875,0.4979650233421617,4087.857142857143,4082.919970703125,3729.297762044271,3045.378351080908,1.9086454135552744,Yahoo Finance
2025-11-24 00:00:00-05:00,2025-11-24,2025,11,24,Monday,4,4060.5,4091.89990234375,4060.5,4091.89990234375,591,15.199951171875,0.3728493966671742,4074.285714285714,4082.3632975260416,3737.507760959201,3050.28711807042,1.809472517967752,Yahoo Finance
2025-11-25 00:00:00-05:00,2025-11-25,2025,11,25,Tuesday,4,4139.2001953125,4139.2001953125,4139.2001953125,4139.2001953125,132704,47.30029296875,1.155949414638835,4081.657156808036,4082.379964192709,3745.699986436632,3055.2399955854025,1.816998437373453,Yahoo Finance
2025-11-26 00:00:00-05:00,2025-11-26,2025,11,26,Wednesday,4,4128.60009765625,4171.0,4127.5,4165.2001953125,25088,26.0,0.6281406738781081,4095.500034877232,4081.989973958333,3753.766655815972,3060.3161607716183,1.8127186246119973,Yahoo Finance
2025-11-28 00:00:00-05:00,2025-11-28,2025,11,28,Friday,4,4163.39990234375,4223.89990234375,4140.0,4218.2998046875,3615,53.099609375,1.2748393086785548,4117.928571428572,4079.926627604167,3762.9244303385417,3065.4884892711902,1.769175956792058,Yahoo Finance
2025-12-01 00:00:00-05:00,2025-12-01,2025,12,1,Monday,4,4218.5,4262.10009765625,4214.89990234375,4239.2998046875,913,21.0,0.4978309027884764,4141.014264787947,4081.573291015625,3772.572205946181,3070.6542420269693,1.7271981222307706,Yahoo Finance
2025-12-02 00:00:00-05:00,2025-12-02,2025,12,2,Tuesday,4,4230.5,4230.5,4167.0,4186.60009765625,366,-52.69970703125,-1.2431229084807538,4159.599993024553,4076.579964192708,3782.0455403645833,3075.7780781785104,1.6145133762326007,Yahoo Finance
2025-12-03 00:00:00-05:00,2025-12-03,2025,12,3,Wednesday,4,4215.7001953125,4234.10009765625,4195.7001953125,4199.2998046875,1897,12.69970703125,0.3033417745907929,4177.1142578125,4080.299959309896,3791.936648220486,3080.899447506421,1.2153781279895894,Yahoo Finance
2025-12-04 00:00:00-05:00,2025-12-04,2025,12,4,Thursday,4,4211.0,4211.7998046875,4175.0,4211.7998046875,616,12.5,0.2976686729070144,4194.242815290178,4085.879956054688,3801.807758246528,3086.0917754708903,1.1959584875881462,Yahoo Finance
2025-12-05 00:00:00-05:00,2025-12-05,2025,12,5,Friday,4,4204.10009765625,4255.7001953125,4194.5,4212.89990234375,533,1.10009765625,0.026119419423165,4204.771344866072,4088.7932861328127,3811.997756618924,3091.334789035745,1.1430622787828308,Yahoo Finance
2025-12-08 00:00:00-05:00,2025-12-08,2025,12,8,Monday,4,4205.5,4215.7998046875,4175.5,4187.2001953125,318,-25.69970703125,-0.6100241550233032,4207.914202008928,4091.086629231771,3821.9310926649305,3096.4380772420805,1.1491230513283337,Yahoo Finance
2025-12-09 00:00:00-05:00,2025-12-09,2025,12,9,Tuesday,4,4190.7001953125,4219.7001953125,4177.7001953125,4206.7001953125,660,19.5,0.4657049840088856,4206.257114955357,4097.913305664062,3831.4755398220486,3101.5860231164384,1.012697384922655,Yahoo Finance
2025-12-10 00:00:00-05:00,2025-12-10,2025,12,10,Wednesday,4,4209.0,4234.5,4183.60009765625,4196.39990234375,692,-10.30029296875,-0.2448544581386547,4200.128557477678,4105.586637369792,3840.608873155382,3106.706022581336,0.9960160497604008,Yahoo Finance
2025-12-11 00:00:00-05:00,2025-12-11,2025,12,11,Thursday,4,4224.0,4286.89990234375,4214.2998046875,4285.5,528,89.10009765625,2.1232508752677903,4214.257114955357,4115.646638997396,3850.6488742404513,3112.0827349101028,1.0560053579482336,Yahoo Finance
2025-12-12 00:00:00-05:00,2025-12-12,2025,12,12,Friday,4,4276.39990234375,4355.0,4260.0,4300.10009765625,1531,14.60009765625,0.3406859796114769,4228.657156808035,4125.606640625,3860.872208658854,3117.398625454837,1.0555302997132767,Yahoo Finance
2025-12-15 00:00:00-05:00,2025-12-15,2025,12,15,Monday,4,4308.2998046875,4349.2001953125,4292.89990234375,4306.7001953125,854,6.60009765625,0.1534870702160518,4242.21435546875,4136.423315429687,3870.9433213975694,3122.6539684556933,1.04687718088809,Yahoo Finance
2025-12-16 00:00:00-05:00,2025-12-16,2025,12,16,Tuesday,4,4270.5,4321.39990234375,4270.5,4304.5,1796,-2.2001953125,-0.0510877287184907,4255.300083705357,4146.563313802083,3880.558875868056,3127.994516534675,1.04781935213518,Yahoo Finance
2025-12-17 00:00:00-05:00,2025-12-17,2025,12,17,Wednesday,4,4308.5,4351.39990234375,4308.5,4347.5,2169,43.0,0.9989545824137468,4278.200055803572,4159.889982096354,3891.607763671875,3133.4394477739725,1.0132550977660555,Yahoo Finance
2025-12-18 00:00:00-05:00,2025-12-18,2025,12,18,Thursday,4,4331.0,4348.10009765625,4328.2001953125,4339.5,705,-8.0,-0.1840138010350767,4297.171456473215,4171.863313802083,3902.614431423611,3138.829310921447,1.012887152554976,Yahoo Finance
2025-12-19 00:00:00-05:00,2025-12-19,2025,12,19,Friday,4,4350.10009765625,4361.39990234375,4350.10009765625,4361.39990234375,1065,21.89990234375,0.5046641858220902,4320.742885044643,4184.57998046875,3913.7555419921873,3144.161913393621,1.0119293970184875,Yahoo Finance
2025-12-22 00:00:00-05:00,2025-12-22,2025,12,22,Monday,4,4371.10009765625,4447.60009765625,4371.10009765625,4444.60009765625,449,83.2001953125,1.907648855308808,4343.471470424107,4199.419986979166,3926.082210286458,3149.725201332406,1.0528724634015356,Yahoo Finance
2025-12-23 00:00:00-05:00,2025-12-23,2025,12,23,Tuesday,4,4503.2998046875,4503.7998046875,4450.39990234375,4482.7998046875,694,38.19970703125,0.8594633081026481,4369.571428571428,4211.786653645833,3938.824430338542,3155.36876270869,0.951532549851657,Yahoo Finance
2025-12-24 00:00:00-05:00,2025-12-24,2025,12,24,Wednesday,4,4500.7001953125,4503.39990234375,4468.39990234375,4480.60009765625,500,-2.19970703125,-0.0490699368048908,4394.414271763393,4224.246663411458,3951.5899875217015,3160.898078312286,0.9505350884505482,Yahoo Finance
2025-12-26 00:00:00-05:00,2025-12-26,2025,12,26,Friday,4,4512.0,4556.2998046875,4502.0,4529.10009765625,263,48.5,1.0824442919012078,4426.5,4235.070003255209,3965.097767469618,3166.581092144692,0.8795335485684003,Yahoo Finance
2025-12-29 00:00:00-05:00,2025-12-29,2025,12,29,Monday,4,4371.5,4379.0,4325.10009765625,4325.10009765625,2044,-204.0,-4.504206036549451,4423.300013950893,4239.676676432292,3976.005547417535,3171.7134210455906,1.232489462601759,Yahoo Finance
2025-12-30 00:00:00-05:00,2025-12-30,2025,12,30,Tuesday,4,4346.39990234375,4403.60009765625,4338.0,4370.10009765625,1837,45.0,1.0404383478751278,4427.671456473215,4249.093343098958,3987.4855495876736,3177.123284326841,1.1496852636676995,Yahoo Finance
2025-12-31 00:00:00-05:00,2025-12-31,2025,12,31,Wednesday,4,4333.5,4363.7998046875,4285.0,4325.60009765625,785,-44.5,-1.0182833117224457,4422.557198660715,4257.670011393229,3998.0544406467016,3182.4208188409675,1.1653946284563883,Yahoo Finance
2026-01-02 00:00:00-05:00,2026-01-02,2026,1,2,Friday,1,4350.60009765625,4350.60009765625,4314.39990234375,4314.39990234375,589,-11.2001953125,-0.2589281269567367,4403.957170758928,4266.106673177083,4008.505550130208,3187.653147072988,1.1664873433774363,Yahoo Finance
2026-01-05 00:00:00-05:00,2026-01-05,2026,1,5,Monday,1,4386.7001953125,4443.5,4384.7998046875,4436.89990234375,618,122.5,2.8393288237711367,4397.400041852678,4278.080004882812,4020.153325737848,3193.197256260702,1.2614442114916482,Yahoo Finance
2026-01-06 00:00:00-05:00,2026-01-06,2026,1,6,Tuesday,1,4449.7001953125,4482.2001953125,4449.0,4482.2001953125,459,45.30029296875,1.0209897443217208,4397.628627232143,4292.270011393229,4032.12666015625,3199.0336954195204,1.258715454967284,Yahoo Finance
2026-01-07 00:00:00-05:00,2026-01-07,2026,1,7,Wednesday,1,4450.0,4450.0,4449.2998046875,4449.2998046875,972,-32.900390625,-0.734023229471259,4386.228585379465,4304.690006510416,4043.432212999132,3204.703009952911,1.2734269157062712,Yahoo Finance
2026-01-08 00:00:00-05:00,2026-01-08,2026,1,8,Thursday,1,4460.2001953125,4461.2998046875,4418.0,4449.7001953125,2423,0.400390625,0.0089989580962512,4404.028599330357,4316.616682942708,4054.27666015625,3210.380818573416,1.274440192912896,Yahoo Finance
2026-01-09 00:00:00-05:00,2026-01-09,2026,1,9,Friday,1,4473.0,4490.2998046875,4473.0,4490.2998046875,237,40.599609375,0.9124122433634918,4421.199986049107,4328.320003255209,4064.731103515625,3216.093968723245,1.2694852253229876,Yahoo Finance
2026-01-12 00:00:00-05:00,2026-01-12,2026,1,12,Monday,1,4579.10009765625,4620.0,4577.7998046875,4604.2998046875,156,114.0,2.538805980861092,4461.014229910715,4342.956656901041,4075.965546332465,3222.060543530608,1.333868247728703,Yahoo Finance
2026-01-13 00:00:00-05:00,2026-01-13,2026,1,13,Tuesday,1,4578.60009765625,4617.10009765625,4578.60009765625,4589.2001953125,239,-15.099609375,-0.3279458335799012,4500.271414620535,4355.320003255209,4087.3366590711807,3227.96246187393,1.3273535379138997,Yahoo Finance
2026-01-14 00:00:00-05:00,2026-01-14,2026,1,14,Wednesday,1,4610.2998046875,4635.0,4608.2001953125,4626.2998046875,1313,37.099609375,0.808411221913885,4527.328543526785,4368.220003255208,4098.593324110243,3233.991502568493,1.3302393477848922,Yahoo Finance
2026-01-15 00:00:00-05:00,2026-01-15,2026,1,15,Thursday,1,4612.89990234375,4616.2998046875,4612.89990234375,4616.2998046875,4358,-10.0,-0.2161554681317401,4546.485630580357,4382.543326822916,4109.462209743923,3240.05889942744,1.3020686546846587,Yahoo Finance
2026-01-16 00:00:00-05:00,2026-01-16,2026,1,16,Friday,1,4608.0,4608.0,4588.39990234375,4588.39990234375,352,-27.89990234375,-0.604378041378939,4566.357073102678,4395.513330078125,4119.963319227431,3246.084378344392,1.3133152294632655,Yahoo Finance
2026-01-20 00:00:00-05:00,2026-01-20,2026,1,20,Tuesday,1,4662.2001953125,4764.0,4661.7998046875,4759.60009765625,175,171.2001953125,3.731152448701147,4610.628487723215,4413.77333984375,4132.36331922743,3252.57506354345,1.4547187639688013,Yahoo Finance
2026-01-21 00:00:00-05:00,2026-01-21,2026,1,21,Wednesday,1,4863.5,4872.2998046875,4771.5,4831.7998046875,1706,72.19970703125,1.516928009704066,4659.414202008928,4434.403336588542,4145.639984809028,3259.17670697774,1.466264261141195,Yahoo Finance
2026-01-22 00:00:00-05:00,2026-01-22,2026,1,22,Thursday,1,4791.89990234375,4908.7998046875,4791.89990234375,4908.7998046875,1175,77.0,1.5936090714126827,4702.914202008928,4458.456656901041,4159.633317057292,3265.962185627141,1.465575114766024,Yahoo Finance
2026-01-23 00:00:00-05:00,2026-01-23,2026,1,23,Friday,1,4949.60009765625,4976.2001953125,4936.0,4976.2001953125,169,67.400390625,1.3730523408316264,4758.199916294643,4484.106656901042,4174.011097547743,3272.849309717465,1.473292386912867,Yahoo Finance
2026-01-26 00:00:00-05:00,2026-01-26,2026,1,26,Monday,1,5081.5,5095.60009765625,5052.2001953125,5079.7001953125,180,103.5,2.079900243914934,4822.971400669643,4513.55,4189.464434136285,3280.0082144959333,1.489887866573777,Yahoo Finance
2026-01-27 00:00:00-05:00,2026-01-27,2026,1,27,Tuesday,1,5079.89990234375,5079.89990234375,5079.89990234375,5079.89990234375,34,0.19970703125,0.0039314727950712,4889.199986049107,4540.029996744792,4204.998876953125,3287.242461071276,1.4676808659504397,Yahoo Finance
2026-01-28 00:00:00-05:00,2026-01-28,2026,1,28,Wednesday,1,5301.60009765625,5301.60009765625,5301.60009765625,5301.60009765625,112054,221.7001953125,4.364263067668173,4991.085728236607,4573.413330078125,4223.41998969184,3295.046570660317,1.620994344715572,Yahoo Finance
2026-01-29 00:00:00-05:00,2026-01-29,2026,1,29,Thursday,1,5415.7001953125,5586.2001953125,5097.5,5318.39990234375,23709,16.7998046875,0.3168817786714406,5070.914271763393,4607.136653645834,4241.718877495659,3302.7720495772687,1.6193231202543326,Yahoo Finance
2026-01-30 00:00:00-05:00,2026-01-30,2026,1,30,Friday,1,5376.39990234375,5440.5,4700.0,4713.89990234375,8374,-604.5,-11.366200569716556,5054.071428571428,4620.783317057291,4252.532210286458,3308.832597121147,2.7368708369745187,Yahoo Finance
2026-02-02 00:00:00-05:00,2026-02-02,2026,2,2,Monday,1,4807.7001953125,4855.7998046875,4400.0,4622.5,3588,-91.39990234375,-1.9389444883695093,5013.171456473215,4629.949983723958,4261.886653645834,3314.6167065764125,2.7649450265634026,Yahoo Finance
2026-02-03 00:00:00-05:00,2026-02-03,2026,2,3,Tuesday,1,4680.0,4984.60009765625,4674.2998046875,4903.7001953125,1213,281.2001953125,6.083292489183334,5002.814313616072,4648.756656901041,4274.904432508681,3321.1791731324915,2.961333640182564,Yahoo Finance
2026-02-04 00:00:00-05:00,2026-02-04,2026,2,4,Wednesday,1,4923.2998046875,5082.2001953125,4897.89990234375,4920.39990234375,3886,16.69970703125,0.3405531815997564,4980.05712890625,4667.389990234375,4288.05443250868,3327.868214228382,2.961385118911899,Yahoo Finance
2026-02-05 00:00:00-05:00,2026-02-05,2026,2,5,Thursday,1,5008.7001953125,5012.2998046875,4786.0,4861.39990234375,793,-59.0,-1.19908952871689,4948.842843191965,4681.283317057291,4300.122208658854,3334.314789570848,2.9628590291719745,Yahoo Finance
2026-02-06 00:00:00-05:00,2026-02-06,2026,2,6,Friday,1,4800.0,4995.60009765625,4670.0,4979.7998046875,171364,118.39990234375,2.435510443949851,4902.871372767857,4697.849983723959,4312.998874240451,3341.0602686215752,2.9862081905321074,Yahoo Finance
